SequenceNumber,Age,BusinessTravel,DailyRate,Department,DistanceFromHome,Education,EducationField,EmployeeCount,EmployeeNumber,EnvironmentSatisfaction,Gender,HourlyRate,JobInvolvement,JobLevel,JobRole,JobSatisfaction,MaritalStatus,MonthlyIncome,MonthlyRate,NumCompaniesWorked,Over18,OverTime,PercentSalaryHike,PerformanceRating,RelationshipSatisfaction,StandardHours,StockOptionLevel,TotalWorkingYears,TrainingTimesLastYear,WorkLifeBalance,YearsAtCompany,YearsInCurrentRole,YearsSinceLastPromotion,YearsWithCurrManager
0,38.0,Travel_Rarely,920.0,Human Resources,20.0,2,Medical,1,1818,4,Female,69,3,1,Human Resources,2,Married,2148,6889,0,Y,Yes,11,3,3,80,0,6,3,3,5,1,1,4
1,44.0,Travel_Frequently,383.0,Sales,1.0,5,Marketing,1,1481,1,Female,79,3,2,Sales Executive,3,Married,4768,9282,7,Y,No,12,3,3,80,1,11,4,2,1,0,0,0
2,48.0,Non-Travel,1262.0,Research & Development,1.0,4,Medical,1,1116,1,Male,35,4,4,Manager,4,Single,16885,16154,2,Y,No,22,4,3,80,0,27,3,2,5,4,2,1
3,54.0,Travel_Rarely,1217.0,Research & Development,2.0,4,Technical Degree,1,126,1,Female,60,3,3,Research Director,3,Married,13549,24001,9,Y,No,12,3,1,80,1,16,5,1,4,3,0,3
4,32.0,Travel_Rarely,334.0,Research & Development,10.0,2,Life Sciences,1,21,1,Male,80,4,1,Research Scientist,2,Divorced,3298,15053,0,Y,Yes,12,3,4,80,2,7,5,2,6,2,0,5
5,40.0,Travel_Rarely,329.0,Research & Development,1.0,4,Life Sciences,1,1361,2,Male,88,3,1,Laboratory Technician,2,Married,2387,6762,3,Y,No,22,4,3,80,1,7,3,3,4,2,0,3
6,40.0,Travel_Rarely,302.0,Research & Development,6.0,3,Life Sciences,1,601,2,Female,75,3,4,Manufacturing Director,3,Single,13237,20364,7,Y,No,15,3,3,80,0,22,3,3,20,6,5,13
7,44.0,Travel_Rarely,528.0,Human Resources,1.0,3,Life Sciences,1,1683,3,Female,44,3,1,Human Resources,4,Divorced,3195,4167,4,Y,Yes,18,3,1,80,3,8,2,3,2,2,2,2
8,32.0,Travel_Rarely,371.0,Sales,19.0,3,Life Sciences,1,1739,4,Male,80,1,3,Sales Executive,3,Married,9610,3840,3,Y,No,13,3,3,80,1,10,2,1,4,3,0,2
9,33.0,Non-Travel,1283.0,Sales,2.0,3,Marketing,1,1756,4,Female,62,3,2,Sales Executive,2,Single,5147,10697,8,Y,No,15,3,4,80,0,13,2,2,11,7,1,7
10,30.0,Travel_Rarely,1358.0,Sales,16.0,1,Life Sciences,1,1479,4,Male,96,3,2,Sales Executive,3,Married,5301,2939,8,Y,No,15,3,3,80,2,4,2,2,2,1,2,2
11,31.0,Non-Travel,979.0,Research & Development,1.0,4,Medical,1,308,3,Male,90,1,2,Manufacturing Director,3,Married,4345,4381,0,Y,No,12,3,4,80,1,6,2,3,5,4,1,4
12,29.0,Travel_Rarely,801.0,Research & Development,10.0,1,Medical,1,1586,2,Male,87,3,1,Laboratory Technician,1,Single,4723,16213,1,Y,Yes,18,3,4,80,0,10,3,3,10,9,1,5
13,38.0,Travel_Rarely,688.0,Research & Development,23.0,4,Life Sciences,1,393,4,Male,82,3,2,Healthcare Representative,4,Divorced,5745,18899,9,Y,No,14,3,2,80,1,10,2,3,2,2,1,2
14,33.0,Travel_Rarely,931.0,Research & Development,14.0,3,Medical,1,252,4,Female,72,3,1,Research Scientist,2,Married,2756,4673,1,Y,No,13,3,4,80,1,8,5,3,8,7,1,6
15,33.0,Travel_Rarely,867.0,Research & Development,8.0,4,Life Sciences,1,1798,4,Male,90,4,1,Research Scientist,1,Married,3143,6076,6,Y,No,19,3,2,80,1,14,1,3,10,8,7,6
16,30.0,Travel_Rarely,231.0,Sales,8.0,2,Other,1,982,3,Male,62,3,3,Sales Executive,3,Divorced,7264,9977,5,Y,No,11,3,1,80,1,10,2,4,8,4,7,7
17,29.0,Travel_Rarely,144.0,Sales,10.0,1,Marketing,1,463,4,Female,39,2,2,Sales Executive,2,Divorced,8268,11866,1,Y,Yes,14,3,1,80,2,7,2,3,7,7,1,7
18,34.0,Travel_Rarely,704.0,Sales,28.0,3,Marketing,1,2035,4,Female,95,2,2,Sales Executive,3,Married,6712,8978,1,Y,No,21,4,4,80,2,8,2,3,8,7,1,7
19,38.0,Travel_Rarely,654.0,Research & Development,1.0,2,Life Sciences,1,741,1,Female,67,1,1,Research Scientist,2,Single,2216,3872,7,Y,Yes,13,3,4,80,0,10,4,3,7,7,3,7
20,39.0,Non-Travel,105.0,Research & Development,9.0,3,Life Sciences,1,2022,4,Male,87,3,5,Manager,4,Single,19431,15302,2,Y,No,13,3,3,80,0,21,3,2,6,0,1,3
21,38.0,Travel_Frequently,1444.0,Human Resources,1.0,4,Other,1,1972,4,Male,88,3,1,Human Resources,2,Married,2991,5224,0,Y,Yes,11,3,2,80,1,7,2,3,6,2,1,2
22,60.0,Travel_Rarely,1179.0,Sales,16.0,4,Marketing,1,732,1,Male,84,3,2,Sales Executive,1,Single,5405,11924,8,Y,No,14,3,4,80,0,10,1,3,2,2,2,2
23,30.0,Travel_Rarely,1427.0,Research & Development,2.0,1,Medical,1,198,2,Male,35,2,1,Laboratory Technician,4,Single,2720,11162,0,Y,No,13,3,4,80,0,6,3,3,5,3,1,2
24,38.0,Travel_Rarely,141.0,Sales,10.0,1,Other,1,879,3,Male,98,3,2,Sales Executive,1,Married,4194,14363,1,Y,Yes,18,3,4,80,0,5,3,3,5,3,0,3
25,29.0,Travel_Rarely,694.0,Research & Development,1.0,3,Life Sciences,1,1264,4,Female,87,2,4,Research Director,4,Divorced,16124,3423,3,Y,No,14,3,2,80,2,9,2,2,7,7,1,7
26,34.0,Non-Travel,697.0,Research & Development,10.0,4,Life Sciences,1,1115,3,Male,40,2,1,Research Scientist,4,Married,2979,22478,3,Y,No,17,3,4,80,3,6,2,3,0,0,0,0
27,27.0,Travel_Frequently,1242.0,Sales,20.0,3,Life Sciences,1,293,4,Female,90,3,2,Sales Executive,3,Single,9981,12916,1,Y,No,14,3,4,80,0,7,2,3,7,7,0,7
28,38.0,Travel_Rarely,1144.0,Sales,10.0,1,Medical,1,1056,4,Male,74,3,1,Sales Representative,2,Married,1052,23384,1,Y,No,22,4,2,80,0,1,5,3,1,0,0,0
29,30.0,Travel_Rarely,740.0,Sales,1.0,3,Life Sciences,1,1562,2,Male,64,2,2,Sales Executive,1,Married,9714,5323,1,Y,No,11,3,4,80,1,10,4,3,10,8,6,7
30,32.0,Non-Travel,1146.0,Research & Development,15.0,4,Medical,1,1955,3,Female,34,3,2,Healthcare Representative,4,Divorced,6667,16542,5,Y,No,18,3,2,80,1,9,6,3,5,1,1,2
31,48.0,Travel_Rarely,715.0,Research & Development,1.0,3,Life Sciences,1,1263,4,Male,76,2,5,Research Director,4,Single,18265,8733,6,Y,No,12,3,3,80,0,25,3,4,1,0,0,0
32,38.0,Travel_Frequently,662.0,Sales,18.0,4,Marketing,1,1380,4,Female,67,3,2,Sales Executive,3,Married,4614,23288,0,Y,Yes,18,3,3,80,1,5,0,2,4,2,3,2
33,38.0,Travel_Rarely,1280.0,Research & Development,7.0,1,Medical,1,143,4,Male,64,2,1,Research Scientist,4,Married,2889,26897,1,Y,No,11,3,3,80,2,2,2,3,2,2,2,1
34,38.0,Travel_Rarely,1382.0,Sales,8.0,2,Other,1,2018,1,Female,85,3,2,Sales Executive,3,Divorced,4907,13684,0,Y,Yes,22,4,2,80,1,6,3,2,5,3,0,4
35,36.0,Travel_Rarely,676.0,Research & Development,1.0,3,Other,1,823,3,Female,35,3,2,Manufacturing Director,2,Married,5228,23361,0,Y,No,15,3,1,80,1,10,2,3,9,7,0,5
36,36.0,Travel_Rarely,1174.0,Sales,10.0,4,Marketing,1,1425,1,Female,99,3,2,Sales Executive,2,Single,9278,20763,3,Y,Yes,16,3,4,80,0,15,3,3,5,4,0,1
37,30.0,Travel_Rarely,438.0,Research & Development,18.0,3,Life Sciences,1,194,1,Female,75,3,1,Research Scientist,3,Single,2632,23910,1,Y,No,14,3,3,80,0,5,4,2,5,4,0,4
38,43.0,Travel_Rarely,244.0,Human Resources,2.0,3,Life Sciences,1,1778,2,Male,97,3,1,Human Resources,4,Single,3539,5033,0,Y,No,13,3,2,80,0,10,5,3,9,7,1,8
39,27.0,Travel_Rarely,1469.0,Research & Development,1.0,2,Medical,1,497,4,Male,82,3,1,Laboratory Technician,2,Divorced,3816,17881,1,Y,No,11,3,2,80,1,5,2,3,5,2,0,4
40,38.0,Travel_Rarely,1449.0,Research & Development,16.0,4,Medical,1,394,1,Male,45,3,1,Laboratory Technician,2,Divorced,2373,14180,2,Y,Yes,13,3,4,80,1,5,2,3,3,2,0,2
41,31.0,Travel_Frequently,798.0,Research & Development,7.0,2,Life Sciences,1,442,3,Female,48,2,3,Manufacturing Director,3,Married,8943,14034,1,Y,No,24,4,1,80,1,10,2,3,10,9,8,9
42,30.0,Travel_Rarely,1358.0,Research & Development,24.0,1,Life Sciences,1,11,4,Male,67,3,1,Laboratory Technician,3,Divorced,2693,13335,1,Y,No,22,4,2,80,1,1,2,3,1,0,0,0
43,34.0,Non-Travel,1362.0,Sales,19.0,3,Marketing,1,502,1,Male,67,4,2,Sales Executive,4,Single,5304,4652,8,Y,Yes,13,3,2,80,0,9,3,2,5,2,0,4
44,41.0,Travel_Rarely,548.0,Research & Development,9.0,4,Life Sciences,1,1772,3,Male,94,3,1,Laboratory Technician,1,Divorced,2289,20520,1,Y,No,20,4,2,80,2,5,2,3,5,3,0,4
45,52.0,Travel_Frequently,890.0,Research & Development,25.0,4,Medical,1,867,3,Female,81,2,4,Manufacturing Director,4,Married,13826,19028,3,Y,No,22,4,3,80,0,31,3,3,9,8,0,0
46,51.0,Travel_Rarely,1405.0,Research & Development,11.0,2,Technical Degree,1,1367,4,Female,82,2,4,Manufacturing Director,2,Single,13142,24439,3,Y,No,16,3,2,80,0,29,1,2,5,2,0,3
47,31.0,Travel_Rarely,1332.0,Research & Development,11.0,2,Medical,1,1251,3,Male,80,3,2,Healthcare Representative,1,Married,6833,17089,1,Y,Yes,12,3,4,80,0,6,2,2,6,5,0,1
48,38.0,Non-Travel,1103.0,Research & Development,16.0,3,Medical,1,1947,3,Male,49,3,1,Research Scientist,3,Single,2144,2122,1,Y,No,14,3,3,80,0,5,3,2,5,3,1,4
49,38.0,Travel_Rarely,1169.0,Human Resources,8.0,2,Medical,1,869,2,Male,63,2,1,Human Resources,4,Divorced,4936,23965,1,Y,No,13,3,4,80,1,6,6,3,5,1,0,4
50,42.0,Travel_Frequently,458.0,Research & Development,26.0,5,Medical,1,1242,1,Female,60,3,3,Research Director,1,Married,13191,23281,3,Y,Yes,17,3,3,80,0,20,6,3,1,0,0,0
51,36.0,Travel_Rarely,1120.0,Sales,11.0,4,Marketing,1,2045,2,Female,100,2,2,Sales Executive,4,Married,6652,14369,4,Y,No,13,3,1,80,1,8,2,2,6,3,0,0
52,58.0,Travel_Rarely,1145.0,Research & Development,9.0,3,Medical,1,214,2,Female,75,2,1,Research Scientist,2,Married,3346,11873,4,Y,Yes,20,4,2,80,1,9,3,2,1,0,0,0
53,38.0,Travel_Rarely,395.0,Sales,9.0,3,Marketing,1,893,2,Male,98,2,1,Sales Representative,2,Married,2899,12102,0,Y,No,19,3,4,80,1,3,3,3,2,2,1,2
54,29.0,Travel_Rarely,1396.0,Sales,10.0,3,Life Sciences,1,749,3,Male,99,3,1,Sales Representative,3,Single,2642,2755,1,Y,No,11,3,3,80,0,1,6,3,1,0,0,0
55,58.0,Travel_Rarely,848.0,Research & Development,23.0,4,Life Sciences,1,1308,1,Male,88,3,1,Research Scientist,3,Divorced,2372,26076,1,Y,No,12,3,4,80,2,2,3,3,2,2,2,2
56,27.0,Travel_Rarely,205.0,Sales,10.0,3,Marketing,1,1403,4,Female,98,2,2,Sales Executive,4,Married,5769,7100,1,Y,Yes,11,3,4,80,0,6,3,3,6,2,4,4
57,24.0,Travel_Rarely,506.0,Research & Development,29.0,1,Medical,1,1725,2,Male,91,3,1,Laboratory Technician,1,Divorced,3907,3622,1,Y,No,13,3,2,80,3,6,2,4,6,2,1,2
58,42.0,Travel_Rarely,1059.0,Research & Development,9.0,2,Other,1,1595,4,Male,93,2,5,Manager,4,Single,19613,26362,8,Y,No,22,4,4,80,0,24,2,3,1,0,0,1
59,29.0,Travel_Rarely,718.0,Research & Development,8.0,1,Medical,1,1150,2,Male,79,2,2,Manufacturing Director,4,Married,5056,17689,1,Y,Yes,15,3,3,80,1,10,2,2,10,7,1,2
60,41.0,Travel_Rarely,167.0,Research & Development,12.0,4,Life Sciences,1,1158,2,Male,46,3,1,Laboratory Technician,4,Married,4766,9051,3,Y,Yes,11,3,1,80,1,6,4,3,1,0,0,0
61,45.0,Travel_Rarely,950.0,Research & Development,28.0,3,Technical Degree,1,1546,4,Male,97,3,1,Research Scientist,4,Married,2132,4585,4,Y,No,20,4,4,80,1,8,3,3,5,4,0,3
62,59.0,Non-Travel,1420.0,Human Resources,2.0,4,Human Resources,1,140,3,Female,32,2,5,Manager,4,Married,18844,21922,9,Y,No,21,4,4,80,1,30,3,3,3,2,2,2
63,29.0,Travel_Rarely,341.0,Sales,1.0,3,Medical,1,896,2,Female,48,2,1,Sales Representative,3,Divorced,2800,23522,6,Y,Yes,19,3,3,80,3,5,3,3,3,2,0,2
64,34.0,Travel_Rarely,665.0,Research & Development,6.0,4,Other,1,138,1,Female,41,3,2,Research Scientist,3,Single,4809,12482,1,Y,No,14,3,3,80,0,16,3,3,16,13,2,10
65,33.0,Travel_Rarely,1075.0,Human Resources,10.0,2,Human Resources,1,910,4,Male,57,3,1,Human Resources,2,Divorced,2277,22650,3,Y,Yes,11,3,3,80,1,7,4,4,4,3,0,3
66,37.0,Travel_Rarely,671.0,Research & Development,19.0,3,Life Sciences,1,1631,3,Male,85,3,2,Manufacturing Director,3,Married,5768,26493,3,Y,No,17,3,1,80,3,9,2,2,4,3,0,2
67,36.0,Travel_Frequently,469.0,Research & Development,10.0,3,Technical Degree,1,1257,3,Male,46,3,1,Research Scientist,2,Married,3692,9256,1,Y,No,12,3,3,80,0,12,2,2,11,10,0,7
68,44.0,Travel_Rarely,1097.0,Research & Development,10.0,4,Life Sciences,1,1200,3,Male,96,3,1,Research Scientist,3,Single,2936,10826,1,Y,Yes,11,3,3,80,0,6,4,3,6,4,0,2
69,38.0,Travel_Rarely,529.0,Research & Development,2.0,4,Life Sciences,1,364,1,Male,79,3,1,Laboratory Technician,3,Single,3485,14935,2,Y,No,11,3,3,80,0,5,5,1,0,0,0,0
70,31.0,Travel_Rarely,182.0,Research & Development,8.0,5,Life Sciences,1,1430,1,Female,93,3,4,Research Director,2,Single,16422,8847,3,Y,No,11,3,3,80,0,9,3,4,3,2,1,0
71,31.0,Travel_Rarely,471.0,Research & Development,4.0,3,Medical,1,1916,1,Female,62,4,1,Laboratory Technician,3,Divorced,3978,16031,8,Y,No,12,3,2,80,1,4,0,2,2,2,2,2
72,37.0,Travel_Rarely,625.0,Sales,1.0,4,Life Sciences,1,970,1,Male,46,2,3,Sales Executive,3,Married,10609,14922,5,Y,No,11,3,3,80,0,17,2,1,14,1,11,7
73,36.0,Non-Travel,1434.0,Sales,8.0,4,Life Sciences,1,789,1,Male,76,2,3,Sales Executive,1,Single,7587,14229,1,Y,No,15,3,2,80,0,10,1,3,10,7,0,9
74,38.0,Travel_Rarely,682.0,Sales,18.0,4,Medical,1,1945,2,Male,71,3,2,Sales Executive,1,Married,5561,15975,0,Y,No,16,3,4,80,1,6,2,1,5,3,0,4
75,47.0,Travel_Frequently,1379.0,Research & Development,16.0,4,Medical,1,987,3,Male,64,4,2,Manufacturing Director,3,Divorced,5067,6759,1,Y,Yes,19,3,3,80,0,20,3,4,19,10,2,7
76,22.0,Travel_Rarely,1256.0,Research & Development,19.0,1,Medical,1,217,3,Male,80,3,1,Research Scientist,4,Married,2323,11992,1,Y,No,24,4,1,80,2,2,6,3,2,2,2,2
77,19.0,Travel_Frequently,602.0,Sales,1.0,1,Technical Degree,1,235,3,Female,100,1,1,Sales Representative,1,Single,2325,20989,0,Y,No,21,4,1,80,0,1,5,4,0,0,0,0
78,31.0,Travel_Rarely,1398.0,Human Resources,8.0,2,Medical,1,1461,4,Female,96,4,1,Human Resources,2,Single,2109,24609,9,Y,No,18,3,4,80,0,8,3,3,3,2,0,2
79,48.0,Travel_Frequently,365.0,Research & Development,4.0,5,Medical,1,1644,3,Male,89,2,4,Manager,4,Married,15202,5602,2,Y,No,25,4,2,80,1,23,3,3,2,2,2,2
80,45.0,Travel_Rarely,1448.0,Research & Development,29.0,3,Technical Degree,1,1465,2,Male,55,3,3,Manufacturing Director,4,Married,9380,14720,4,Y,Yes,18,3,4,80,2,10,4,4,3,1,1,2
81,50.0,Travel_Frequently,959.0,Sales,1.0,4,Other,1,1113,4,Male,81,3,2,Sales Executive,3,Single,4728,17251,3,Y,Yes,14,3,4,80,0,5,4,3,0,0,0,0
82,42.0,Non-Travel,335.0,Research & Development,23.0,2,Life Sciences,1,1976,4,Male,37,2,2,Research Scientist,3,Single,4332,14811,1,Y,No,12,3,4,80,0,20,2,3,20,9,3,7
83,57.0,Travel_Rarely,210.0,Sales,29.0,3,Marketing,1,568,1,Male,56,2,4,Manager,4,Divorced,14118,22102,3,Y,No,12,3,3,80,1,32,3,2,1,0,0,0
84,38.0,Travel_Rarely,735.0,Research & Development,6.0,1,Life Sciences,1,1291,3,Male,66,3,1,Research Scientist,3,Married,3506,6020,0,Y,Yes,14,3,4,80,0,4,3,3,3,2,2,2
85,38.0,Travel_Frequently,193.0,Research & Development,2.0,3,Life Sciences,1,1296,4,Male,52,2,1,Laboratory Technician,4,Married,3867,14222,1,Y,Yes,12,3,2,80,1,2,2,3,2,2,2,2
86,38.0,Travel_Rarely,607.0,Research & Development,9.0,3,Life Sciences,1,880,4,Female,66,2,3,Manufacturing Director,3,Married,10685,23457,1,Y,Yes,20,4,2,80,1,17,2,3,17,14,5,15
87,38.0,Travel_Frequently,773.0,Research & Development,6.0,3,Life Sciences,1,1154,3,Male,39,2,1,Research Scientist,3,Divorced,2703,22088,1,Y,Yes,14,3,4,80,1,3,2,3,3,1,0,2
88,24.0,Travel_Rarely,984.0,Research & Development,17.0,2,Life Sciences,1,1219,4,Female,97,3,1,Laboratory Technician,2,Married,2210,3372,1,Y,No,13,3,1,80,1,1,3,1,1,0,0,0
89,31.0,Travel_Rarely,670.0,Research & Development,26.0,1,Life Sciences,1,16,1,Male,31,3,1,Research Scientist,3,Divorced,2911,15170,1,Y,No,17,3,4,80,1,5,1,2,5,2,4,3
90,37.0,Travel_Frequently,319.0,Sales,4.0,4,Marketing,1,311,1,Male,41,3,1,Sales Representative,4,Divorced,2793,2539,4,Y,No,17,3,3,80,1,13,2,3,9,8,5,8
91,44.0,Travel_Rarely,1376.0,Human Resources,1.0,2,Medical,1,1098,2,Male,91,2,3,Human Resources,1,Married,10482,2326,9,Y,No,14,3,4,80,1,24,1,3,20,6,3,6
92,32.0,Travel_Rarely,120.0,Research & Development,6.0,5,Life Sciences,1,231,3,Male,43,3,1,Research Scientist,3,Single,3038,12430,3,Y,No,20,4,1,80,0,8,2,3,5,4,1,4
93,37.0,Travel_Rarely,124.0,Research & Development,10.0,3,Other,1,1062,4,Female,35,3,2,Healthcare Representative,2,Single,4107,13848,3,Y,No,15,3,1,80,0,8,3,2,4,3,0,1
94,37.0,Non-Travel,1040.0,Research & Development,2.0,2,Life Sciences,1,139,3,Male,100,2,2,Healthcare Representative,4,Divorced,5163,15850,5,Y,No,14,3,4,80,1,17,2,4,1,0,0,0
95,42.0,Travel_Rarely,201.0,Research & Development,1.0,4,Life Sciences,1,517,2,Female,95,3,1,Laboratory Technician,1,Divorced,2576,20490,3,Y,No,16,3,2,80,1,8,5,3,5,2,1,2
96,38.0,Travel_Rarely,371.0,Research & Development,2.0,3,Life Sciences,1,24,4,Male,45,3,1,Research Scientist,4,Single,3944,4306,5,Y,Yes,11,3,3,80,0,6,3,3,3,2,1,2
97,32.0,Travel_Rarely,859.0,Research & Development,4.0,3,Life Sciences,1,830,3,Female,98,2,2,Manufacturing Director,3,Married,6162,19124,1,Y,No,12,3,3,80,1,14,3,3,14,13,6,8
98,30.0,Travel_Rarely,288.0,Research & Development,2.0,3,Life Sciences,1,117,3,Male,99,2,2,Healthcare Representative,4,Married,4152,15830,1,Y,No,19,3,1,80,3,11,3,3,11,10,10,8
99,46.0,Travel_Rarely,488.0,Sales,2.0,3,Technical Degree,1,363,3,Female,75,1,4,Manager,2,Married,16872,14977,3,Y,Yes,12,3,2,80,1,28,2,2,7,7,7,7
100,38.0,Travel_Rarely,362.0,Research & Development,1.0,1,Life Sciences,1,662,3,Female,43,3,1,Research Scientist,1,Single,2619,14561,3,Y,No,17,3,4,80,0,8,3,2,0,0,0,0
101,29.0,Travel_Frequently,995.0,Research & Development,2.0,1,Life Sciences,1,1590,1,Male,87,3,2,Healthcare Representative,4,Divorced,8853,24483,1,Y,No,19,3,4,80,1,6,0,4,6,4,1,3
102,30.0,Travel_Rarely,153.0,Research & Development,8.0,2,Life Sciences,1,1015,2,Female,73,4,3,Research Director,1,Married,11416,17802,0,Y,Yes,12,3,3,80,3,9,4,2,8,7,1,7
103,38.0,Travel_Rarely,1315.0,Research & Development,22.0,3,Life Sciences,1,381,2,Female,71,4,3,Manager,2,Divorced,11996,19100,7,Y,No,18,3,2,80,1,10,6,2,7,7,6,2
104,56.0,Travel_Frequently,801.0,Sales,6.0,3,Life Sciences,1,532,3,Female,86,4,4,Sales Executive,1,Married,13212,18256,9,Y,No,11,3,4,80,3,36,0,2,7,7,7,7
105,58.0,Travel_Rarely,1055.0,Research & Development,1.0,3,Medical,1,1423,4,Female,76,3,5,Research Director,1,Married,19701,22456,3,Y,Yes,21,4,3,80,1,32,3,3,9,8,1,5
106,50.0,Travel_Frequently,1115.0,Research & Development,1.0,3,Life Sciences,1,141,1,Female,73,3,5,Research Director,2,Married,18172,9755,3,Y,Yes,19,3,1,80,0,28,1,2,8,3,0,7
107,27.0,Travel_Frequently,472.0,Research & Development,1.0,1,Technical Degree,1,274,3,Male,60,2,2,Manufacturing Director,1,Married,4298,9679,5,Y,No,19,3,3,80,1,6,1,3,2,2,2,0
108,38.0,Travel_Rarely,1142.0,Research & Development,23.0,4,Medical,1,75,3,Female,30,3,1,Laboratory Technician,1,Married,4014,16002,3,Y,Yes,15,3,3,80,1,4,3,3,2,2,2,2
109,47.0,Non-Travel,1162.0,Research & Development,1.0,1,Medical,1,2000,3,Female,98,3,3,Research Director,2,Married,11957,17231,0,Y,No,18,3,1,80,2,14,3,1,13,8,5,12
110,55.0,Travel_Rarely,725.0,Research & Development,2.0,3,Medical,1,787,4,Male,78,3,5,Manager,1,Married,19859,21199,5,Y,Yes,13,3,4,80,1,24,2,3,5,2,1,4
111,44.0,Travel_Rarely,477.0,Research & Development,7.0,4,Medical,1,36,1,Female,42,2,3,Healthcare Representative,4,Married,10248,2094,3,Y,No,14,3,4,80,1,24,4,3,22,6,5,17
112,40.0,Travel_Rarely,1492.0,Research & Development,20.0,4,Technical Degree,1,1092,1,Male,61,3,3,Healthcare Representative,4,Married,10322,26542,4,Y,No,20,4,4,80,1,14,6,3,11,10,11,1
113,32.0,Non-Travel,300.0,Research & Development,1.0,3,Life Sciences,1,882,4,Male,61,3,1,Laboratory Technician,4,Divorced,2314,9148,0,Y,No,12,3,2,80,1,4,2,3,3,0,0,2
114,27.0,Travel_Rarely,801.0,Research & Development,19.0,3,Other,1,1619,4,Male,67,2,1,Laboratory Technician,1,Divorced,4066,16290,1,Y,No,11,3,1,80,2,7,3,3,7,7,0,7
115,47.0,Travel_Rarely,207.0,Research & Development,9.0,4,Life Sciences,1,1856,2,Female,64,3,1,Laboratory Technician,3,Single,2105,5411,4,Y,No,12,3,3,80,0,7,2,3,2,2,2,0
116,55.0,Travel_Rarely,267.0,Sales,13.0,4,Marketing,1,1372,1,Male,85,4,4,Sales Executive,3,Single,13695,9277,6,Y,Yes,17,3,3,80,0,24,2,2,19,7,3,8
117,37.0,Travel_Frequently,1231.0,Sales,21.0,2,Medical,1,900,3,Female,54,3,1,Sales Representative,4,Married,2973,21222,5,Y,No,15,3,2,80,1,10,3,3,5,4,0,0
118,38.0,Travel_Rarely,660.0,Sales,7.0,1,Life Sciences,1,1492,4,Male,76,3,1,Sales Representative,3,Married,2404,16192,1,Y,No,13,3,1,80,1,1,3,3,1,0,0,0
119,38.0,Travel_Frequently,921.0,Research & Development,1.0,1,Medical,1,1068,1,Female,66,2,1,Research Scientist,3,Divorced,2007,25265,1,Y,No,13,3,3,80,2,5,5,3,5,3,1,3
120,41.0,Travel_Rarely,896.0,Sales,6.0,3,Life Sciences,1,298,4,Female,75,3,3,Manager,4,Single,13591,14674,3,Y,Yes,18,3,3,80,0,16,3,3,1,0,0,0
121,24.0,Travel_Frequently,897.0,Human Resources,10.0,3,Medical,1,1746,1,Male,59,3,1,Human Resources,4,Married,2145,2097,0,Y,No,14,3,4,80,1,3,2,3,2,2,2,1
122,47.0,Travel_Rarely,1482.0,Research & Development,10.0,5,Life Sciences,1,447,4,Male,42,3,5,Research Director,3,Married,18300,16375,4,Y,No,11,3,2,80,1,21,2,3,3,2,1,1
123,38.0,Travel_Rarely,672.0,Research & Development,25.0,3,Technical Degree,1,899,4,Male,78,2,3,Manufacturing Director,2,Married,10903,9129,3,Y,No,16,3,1,80,0,16,2,3,13,10,4,8
124,41.0,Travel_Rarely,930.0,Sales,10.0,3,Life Sciences,1,2037,3,Male,57,2,2,Sales Executive,2,Divorced,8938,12227,2,Y,No,11,3,3,80,1,14,5,3,5,4,0,4
125,38.0,Travel_Rarely,464.0,Research & Development,4.0,2,Other,1,53,3,Male,75,3,1,Laboratory Technician,4,Divorced,1951,10910,1,Y,No,12,3,3,80,1,1,3,3,1,0,0,0
126,27.0,Travel_Rarely,591.0,Research & Development,2.0,1,Medical,1,7,1,Male,40,3,1,Laboratory Technician,2,Married,3468,16632,9,Y,No,12,3,4,80,1,6,3,3,2,2,2,2
127,40.0,Travel_Rarely,989.0,Research & Development,4.0,1,Medical,1,253,4,Female,46,3,5,Manager,3,Married,19033,6499,1,Y,No,14,3,2,80,1,21,2,3,20,8,9,9
128,38.0,Non-Travel,1225.0,Research & Development,2.0,4,Life Sciences,1,771,4,Female,61,3,2,Healthcare Representative,1,Divorced,5093,4761,2,Y,No,11,3,1,80,1,16,2,4,1,0,0,0
129,29.0,Travel_Rarely,665.0,Research & Development,15.0,3,Life Sciences,1,346,3,Male,60,3,1,Research Scientist,4,Single,2340,22673,1,Y,No,19,3,1,80,0,6,1,3,6,5,1,5
130,56.0,Travel_Rarely,801.0,Sales,11.0,5,Marketing,1,1935,4,Female,89,2,2,Sales Executive,1,Married,5380,20328,4,Y,No,16,3,3,80,1,6,3,3,0,0,0,0
131,36.0,Non-Travel,1351.0,Research & Development,9.0,4,Life Sciences,1,1949,1,Male,66,4,1,Laboratory Technician,2,Married,2810,9238,1,Y,No,22,4,2,80,0,5,3,3,5,4,0,2
132,49.0,Travel_Rarely,271.0,Research & Development,10.0,2,Medical,1,1509,3,Female,43,2,2,Laboratory Technician,1,Married,4789,23070,4,Y,No,25,4,1,80,1,10,3,3,3,2,1,2
133,44.0,Travel_Rarely,1448.0,Sales,28.0,3,Medical,1,1039,4,Female,53,4,4,Sales Executive,4,Married,13320,11737,3,Y,Yes,18,3,3,80,1,23,2,3,12,11,11,11
134,46.0,Travel_Rarely,669.0,Sales,9.0,2,Medical,1,118,3,Male,64,2,3,Sales Executive,4,Single,9619,13596,1,Y,No,16,3,4,80,0,9,3,3,9,8,4,7
135,41.0,Travel_Rarely,645.0,Sales,1.0,3,Marketing,1,534,2,Male,49,4,3,Sales Executive,1,Married,8392,19566,1,Y,No,16,3,3,80,1,10,2,3,10,7,0,7
136,49.0,Travel_Rarely,1313.0,Sales,11.0,4,Marketing,1,1757,4,Female,80,3,2,Sales Executive,4,Single,4507,8191,3,Y,No,12,3,3,80,0,8,1,4,5,1,0,4
137,44.0,Travel_Rarely,1117.0,Research & Development,2.0,1,Life Sciences,1,1246,1,Female,72,4,1,Research Scientist,4,Married,2011,19982,1,Y,No,13,3,4,80,1,10,5,3,10,5,7,7
138,54.0,Travel_Rarely,1082.0,Sales,2.0,4,Life Sciences,1,1070,3,Female,41,2,3,Sales Executive,3,Married,10686,8392,6,Y,No,11,3,2,80,1,13,4,3,9,4,7,0
139,42.0,Travel_Rarely,916.0,Research & Development,17.0,2,Life Sciences,1,347,4,Female,82,4,2,Research Scientist,1,Single,6545,23016,3,Y,Yes,13,3,3,80,0,10,1,3,3,2,0,2
140,45.0,Travel_Rarely,1449.0,Sales,2.0,3,Marketing,1,1277,1,Female,94,1,5,Manager,2,Single,18824,2493,2,Y,Yes,16,3,1,80,0,26,2,3,24,10,1,11
141,39.0,Non-Travel,1485.0,Research & Development,25.0,2,Life Sciences,1,1397,3,Male,71,3,3,Healthcare Representative,3,Married,10920,3449,3,Y,No,21,4,2,80,1,13,2,3,6,4,0,5
142,49.0,Travel_Rarely,1245.0,Research & Development,18.0,4,Life Sciences,1,638,4,Male,58,2,5,Research Director,3,Divorced,19502,2125,1,Y,Yes,17,3,3,80,1,31,5,3,31,9,0,9
143,42.0,Travel_Frequently,555.0,Sales,26.0,3,Marketing,1,404,3,Female,77,3,4,Sales Executive,2,Married,13525,14864,5,Y,No,14,3,4,80,1,23,2,4,20,4,4,8
144,34.0,Travel_Frequently,702.0,Research & Development,16.0,4,Life Sciences,1,838,3,Female,100,2,1,Research Scientist,4,Single,2553,8306,1,Y,No,16,3,3,80,0,6,3,3,5,2,1,3
145,38.0,Travel_Rarely,1035.0,Sales,10.0,4,Life Sciences,1,1036,2,Male,42,3,2,Sales Executive,4,Single,6861,4981,8,Y,Yes,12,3,3,80,0,19,1,3,1,0,0,0
146,34.0,Travel_Rarely,1354.0,Research & Development,10.0,3,Medical,1,153,3,Female,45,2,3,Manager,1,Single,11631,5615,2,Y,No,12,3,4,80,0,14,6,3,11,10,5,8
147,36.0,Travel_Rarely,1223.0,Research & Development,8.0,3,Technical Degree,1,83,3,Female,59,3,3,Healthcare Representative,3,Divorced,10096,8202,1,Y,No,13,3,2,80,3,17,2,3,17,14,12,8
148,55.0,Non-Travel,444.0,Research & Development,2.0,1,Medical,1,1074,3,Male,40,2,4,Manager,1,Single,16756,17323,7,Y,No,15,3,2,80,0,31,3,4,9,7,6,2
149,38.0,Travel_Rarely,1333.0,Research & Development,1.0,3,Technical Degree,1,950,4,Female,80,3,3,Research Director,1,Married,13582,16292,1,Y,No,13,3,2,80,1,15,3,3,15,12,5,11
150,37.0,Travel_Frequently,504.0,Research & Development,10.0,3,Medical,1,342,1,Male,61,3,3,Manufacturing Director,3,Divorced,10048,22573,6,Y,No,11,3,2,80,2,17,5,3,1,0,0,0
151,51.0,Travel_Rarely,632.0,Sales,21.0,4,Marketing,1,120,3,Male,71,3,2,Sales Executive,4,Single,5441,8423,0,Y,Yes,22,4,4,80,0,11,2,1,10,7,1,0
152,47.0,Travel_Rarely,1225.0,Sales,2.0,4,Life Sciences,1,1676,2,Female,47,4,4,Manager,2,Divorced,15972,21086,6,Y,No,14,3,3,80,3,29,2,3,3,2,1,2
153,32.0,Travel_Rarely,801.0,Sales,1.0,4,Marketing,1,2016,3,Female,48,3,3,Sales Executive,4,Married,10422,24032,1,Y,No,19,3,3,80,2,14,3,3,14,10,5,7
154,52.0,Travel_Rarely,319.0,Research & Development,10.0,3,Medical,1,543,4,Male,39,2,3,Manufacturing Director,3,Married,7969,19609,2,Y,Yes,14,3,3,80,0,28,4,3,5,4,0,4
155,38.0,Travel_Rarely,950.0,Research & Development,7.0,3,Other,1,845,3,Male,59,3,3,Manufacturing Director,3,Single,10221,18869,3,Y,No,21,4,2,80,0,17,3,4,8,5,1,6
156,23.0,Travel_Rarely,310.0,Research & Development,10.0,1,Medical,1,784,1,Male,79,4,1,Research Scientist,3,Single,3505,19630,1,Y,No,18,3,4,80,0,2,3,3,2,2,0,2
157,56.0,Travel_Rarely,1400.0,Research & Development,7.0,3,Life Sciences,1,112,4,Male,49,1,3,Manufacturing Director,4,Single,7260,21698,4,Y,No,11,3,1,80,0,37,3,2,6,4,0,2
158,46.0,Travel_Rarely,563.0,Sales,1.0,4,Life Sciences,1,1602,4,Male,56,4,4,Manager,1,Single,17567,3156,1,Y,No,15,3,2,80,0,27,5,1,26,0,0,12
159,41.0,Non-Travel,256.0,Sales,10.0,2,Medical,1,1329,3,Male,40,1,2,Sales Executive,2,Single,6151,22074,1,Y,No,13,3,1,80,0,19,4,3,19,2,11,9
160,40.0,Travel_Rarely,611.0,Sales,7.0,4,Medical,1,1740,2,Male,88,3,5,Manager,2,Single,19833,4349,1,Y,No,14,3,2,80,0,21,3,2,21,8,12,8
161,37.0,Travel_Rarely,161.0,Research & Development,10.0,3,Life Sciences,1,2017,3,Female,42,4,3,Research Director,4,Married,13744,15471,1,Y,Yes,25,4,1,80,1,16,2,3,16,11,6,8
162,38.0,Non-Travel,1476.0,Research & Development,1.0,3,Life Sciences,1,1315,3,Female,55,1,2,Laboratory Technician,4,Married,6674,16392,0,Y,No,11,3,1,80,3,10,6,3,9,8,7,5
163,32.0,Travel_Rarely,414.0,Sales,2.0,4,Marketing,1,1862,3,Male,82,2,2,Sales Executive,2,Single,9907,26186,7,Y,Yes,12,3,3,80,0,7,3,2,2,2,2,2
164,30.0,Travel_Rarely,1339.0,Sales,10.0,3,Life Sciences,1,228,2,Female,41,3,3,Sales Executive,4,Married,9419,8053,2,Y,No,12,3,3,80,1,12,2,3,10,9,7,4
165,41.0,Travel_Rarely,447.0,Research & Development,10.0,3,Life Sciences,1,1814,2,Male,85,4,2,Healthcare Representative,2,Single,6870,15530,3,Y,No,12,3,1,80,0,11,3,1,3,2,1,2
166,38.0,Travel_Rarely,723.0,Sales,2.0,4,Marketing,1,1835,2,Female,77,1,2,Sales Representative,4,Married,5405,4244,2,Y,Yes,20,4,1,80,2,20,4,2,4,2,0,3
167,51.0,Travel_Rarely,1469.0,Research & Development,8.0,4,Life Sciences,1,296,2,Male,81,2,3,Research Director,2,Married,12490,15736,5,Y,No,16,3,4,80,2,16,5,1,10,9,4,7
168,29.0,Travel_Rarely,1176.0,Sales,10.0,2,Medical,1,690,2,Female,62,3,2,Sales Executive,3,Married,5561,3487,1,Y,No,14,3,1,80,1,6,5,2,6,0,1,2
169,40.0,Travel_Rarely,1398.0,Sales,2.0,4,Life Sciences,1,558,3,Female,79,3,5,Manager,3,Married,18041,13022,0,Y,No,14,3,4,80,0,21,2,3,20,15,1,12
170,38.0,Travel_Rarely,1495.0,Research & Development,4.0,2,Medical,1,1687,4,Female,87,3,1,Laboratory Technician,3,Married,3306,26176,7,Y,No,19,3,4,80,1,7,5,2,0,0,0,0
171,31.0,Travel_Rarely,688.0,Sales,7.0,3,Life Sciences,1,613,3,Male,44,2,3,Manager,4,Divorced,11557,25291,9,Y,No,21,4,3,80,1,10,3,2,5,4,0,1
172,33.0,Travel_Frequently,1146.0,Sales,25.0,3,Medical,1,1220,2,Female,82,3,2,Sales Executive,3,Married,4539,4905,1,Y,No,12,3,1,80,1,10,3,2,10,7,0,1
173,31.0,Travel_Rarely,154.0,Sales,7.0,4,Life Sciences,1,941,2,Male,41,2,1,Sales Representative,3,Married,2329,11737,3,Y,No,15,3,2,80,0,13,2,4,7,7,5,2
174,53.0,Travel_Rarely,661.0,Sales,7.0,2,Marketing,1,862,1,Female,78,2,3,Sales Executive,4,Married,10934,20715,7,Y,Yes,18,3,4,80,1,35,3,3,5,2,0,4
175,42.0,Travel_Rarely,1210.0,Research & Development,2.0,3,Medical,1,1542,3,Male,68,2,1,Laboratory Technician,2,Married,4841,24052,4,Y,No,14,3,2,80,1,4,3,3,1,0,0,0
176,47.0,Travel_Rarely,1176.0,Human Resources,26.0,4,Life Sciences,1,1625,4,Female,98,3,5,Manager,3,Married,19658,5220,3,Y,No,11,3,3,80,1,27,2,3,5,2,1,0
177,47.0,Travel_Rarely,359.0,Research & Development,2.0,4,Medical,1,1443,1,Female,82,3,4,Research Director,3,Married,17169,26703,3,Y,No,19,3,2,80,2,26,2,4,20,17,5,6
178,56.0,Travel_Rarely,718.0,Research & Development,4.0,4,Technical Degree,1,1191,4,Female,92,3,5,Manager,1,Divorced,19943,18575,4,Y,No,13,3,4,80,1,28,2,3,5,2,4,2
179,53.0,Travel_Rarely,1282.0,Research & Development,10.0,3,Other,1,32,3,Female,58,3,5,Manager,3,Divorced,19094,10735,4,Y,No,11,3,4,80,1,26,3,2,14,13,4,8
180,20.0,Travel_Rarely,500.0,Sales,2.0,3,Medical,1,922,3,Female,49,2,1,Sales Representative,3,Single,2044,22052,1,Y,No,13,3,4,80,0,2,3,2,2,2,0,2
181,31.0,Travel_Frequently,754.0,Sales,26.0,4,Marketing,1,1967,1,Male,63,3,2,Sales Executive,4,Married,5617,21075,1,Y,Yes,11,3,3,80,0,10,4,3,10,7,0,8
182,58.0,Travel_Rarely,682.0,Sales,10.0,4,Medical,1,131,4,Male,37,3,4,Sales Executive,3,Single,13872,24409,0,Y,No,13,3,3,80,0,38,1,2,37,10,1,8
183,48.0,Travel_Rarely,626.0,Research & Development,1.0,2,Life Sciences,1,64,1,Male,98,2,3,Laboratory Technician,3,Single,5381,19294,9,Y,Yes,13,3,4,80,0,23,2,3,1,0,0,0
184,23.0,Travel_Rarely,1243.0,Research & Development,6.0,3,Life Sciences,1,811,3,Male,63,4,1,Laboratory Technician,1,Married,1601,3445,1,Y,Yes,21,4,3,80,2,1,2,3,0,0,0,0
185,39.0,Travel_Frequently,443.0,Research & Development,8.0,1,Life Sciences,1,602,3,Female,48,3,1,Laboratory Technician,3,Married,3755,17872,1,Y,No,11,3,1,80,1,8,3,3,8,3,0,7
186,36.0,Travel_Frequently,607.0,Sales,7.0,3,Marketing,1,1362,1,Female,83,4,2,Sales Executive,1,Married,4639,2261,2,Y,No,16,3,4,80,1,17,2,2,15,7,6,13
187,36.0,Non-Travel,635.0,Sales,10.0,4,Medical,1,592,2,Male,32,3,3,Sales Executive,4,Single,9980,15318,1,Y,No,14,3,4,80,0,10,3,2,10,3,9,7
188,55.0,Travel_Rarely,478.0,Research & Development,2.0,3,Medical,1,1770,3,Male,60,2,5,Research Director,1,Married,19038,19805,8,Y,No,12,3,2,80,3,34,2,3,1,0,0,0
189,54.0,Travel_Rarely,431.0,Research & Development,7.0,4,Medical,1,1830,4,Female,68,3,2,Research Scientist,4,Married,6854,15696,4,Y,No,15,3,2,80,1,14,2,2,7,1,1,7
190,23.0,Travel_Rarely,977.0,Research & Development,10.0,3,Technical Degree,1,1592,4,Male,45,4,1,Research Scientist,3,Married,2073,12826,2,Y,No,16,3,4,80,1,4,2,3,2,2,2,2
191,27.0,Non-Travel,1450.0,Research & Development,10.0,3,Medical,1,224,3,Male,79,2,1,Research Scientist,3,Divorced,2566,25326,1,Y,Yes,15,3,4,80,1,1,2,2,1,1,0,1
192,38.0,Travel_Frequently,130.0,Research & Development,25.0,4,Life Sciences,1,881,4,Female,96,3,1,Research Scientist,2,Divorced,2022,16612,1,Y,Yes,19,3,1,80,1,10,3,2,10,2,7,8
193,50.0,Travel_Rarely,1464.0,Research & Development,2.0,4,Medical,1,1061,2,Male,62,3,5,Research Director,3,Married,19237,12853,2,Y,Yes,11,3,4,80,1,29,2,2,8,1,7,7
194,54.0,Travel_Frequently,966.0,Research & Development,1.0,4,Life Sciences,1,1245,4,Female,53,3,3,Manufacturing Director,3,Divorced,10502,9659,7,Y,No,17,3,1,80,1,33,2,1,5,4,1,4
195,38.0,Travel_Rarely,890.0,Sales,2.0,3,Marketing,1,49,4,Female,97,3,1,Sales Representative,4,Married,2014,9687,1,Y,No,13,3,1,80,0,2,3,3,2,2,2,2
196,38.0,Travel_Rarely,703.0,Sales,28.0,2,Marketing,1,641,1,Male,66,3,2,Sales Executive,2,Married,6272,7428,1,Y,No,20,4,4,80,2,6,5,4,5,3,1,4
197,37.0,Non-Travel,142.0,Sales,9.0,4,Medical,1,626,1,Male,69,3,3,Sales Executive,2,Divorced,8834,24666,1,Y,No,13,3,4,80,1,9,6,3,9,5,7,7
198,43.0,Travel_Frequently,394.0,Sales,26.0,2,Life Sciences,1,158,3,Male,92,3,4,Manager,4,Married,16959,19494,1,Y,Yes,12,3,4,80,2,25,3,4,25,12,4,12
199,40.0,Travel_Rarely,1322.0,Research & Development,2.0,4,Life Sciences,1,2048,3,Male,52,2,1,Research Scientist,3,Single,2809,2725,2,Y,No,14,3,4,80,0,8,2,3,2,2,2,2
200,38.0,Travel_Rarely,802.0,Research & Development,10.0,3,Other,1,1028,2,Male,45,3,1,Laboratory Technician,4,Divorced,3917,9541,1,Y,No,20,4,1,80,1,3,4,2,3,2,1,2
201,55.0,Travel_Rarely,111.0,Sales,1.0,2,Life Sciences,1,106,1,Male,70,3,3,Sales Executive,4,Married,10239,18092,3,Y,No,14,3,4,80,1,24,4,3,1,0,1,0
202,39.0,Travel_Frequently,505.0,Research & Development,2.0,4,Technical Degree,1,343,3,Female,64,3,3,Healthcare Representative,3,Single,10938,6420,0,Y,No,25,4,4,80,0,20,1,3,19,6,11,8
203,27.0,Travel_Rarely,511.0,Sales,2.0,2,Medical,1,1898,1,Female,89,4,2,Sales Executive,3,Single,6500,26997,0,Y,No,14,3,2,80,0,9,5,2,8,7,0,7
204,42.0,Travel_Rarely,603.0,Research & Development,7.0,4,Medical,1,1292,2,Female,78,4,2,Research Scientist,2,Married,2372,5628,6,Y,Yes,16,3,4,80,0,18,2,3,1,0,0,0
205,43.0,Travel_Rarely,589.0,Research & Development,14.0,2,Life Sciences,1,843,2,Male,94,3,4,Research Director,1,Married,17159,5200,6,Y,No,24,4,3,80,1,22,3,3,4,1,1,0
206,27.0,Travel_Rarely,1115.0,Research & Development,10.0,4,Medical,1,700,1,Male,54,2,1,Research Scientist,4,Single,2045,15174,0,Y,No,13,3,4,80,0,5,0,3,4,2,1,1
207,33.0,Travel_Rarely,516.0,Research & Development,8.0,5,Life Sciences,1,1515,4,Male,69,3,2,Healthcare Representative,3,Single,6388,22049,2,Y,Yes,17,3,1,80,0,14,6,3,0,0,0,0
208,30.0,Travel_Frequently,160.0,Research & Development,10.0,3,Medical,1,680,3,Female,71,3,1,Research Scientist,3,Divorced,2083,22653,1,Y,No,20,4,3,80,1,1,2,3,1,0,0,0
209,39.0,Travel_Rarely,903.0,Sales,2.0,5,Life Sciences,1,985,1,Male,41,4,3,Sales Executive,3,Single,7880,2560,0,Y,No,18,3,4,80,0,9,3,3,8,7,0,7
210,38.0,Travel_Frequently,471.0,Research & Development,12.0,3,Life Sciences,1,837,1,Male,45,2,2,Healthcare Representative,1,Divorced,6288,4284,2,Y,No,15,3,3,80,1,13,3,2,4,3,1,2
211,18.0,Travel_Rarely,812.0,Sales,10.0,3,Medical,1,411,4,Female,69,2,1,Sales Representative,3,Single,1200,9724,1,Y,No,12,3,1,80,0,0,2,3,0,0,0,0
212,49.0,Travel_Rarely,174.0,Sales,8.0,4,Technical Degree,1,1138,4,Male,56,2,4,Sales Executive,2,Married,13120,11879,6,Y,No,17,3,2,80,1,22,3,3,9,8,2,3
213,30.0,Travel_Rarely,330.0,Human Resources,1.0,3,Life Sciences,1,1499,3,Male,46,3,1,Human Resources,3,Divorced,2064,15428,0,Y,No,21,4,1,80,1,6,3,4,5,3,1,3
214,31.0,Travel_Frequently,163.0,Research & Development,24.0,1,Technical Degree,1,1736,4,Female,30,3,2,Manufacturing Director,4,Single,5238,6670,2,Y,No,20,4,4,80,0,9,3,2,5,4,1,4
215,52.0,Travel_Rarely,956.0,Research & Development,6.0,2,Technical Degree,1,630,4,Male,78,3,2,Research Scientist,1,Divorced,5577,22087,3,Y,Yes,12,3,2,80,2,18,3,3,10,9,6,9
216,31.0,Travel_Rarely,741.0,Research & Development,2.0,4,Life Sciences,1,1721,2,Male,69,3,1,Laboratory Technician,3,Married,3477,18103,1,Y,No,14,3,4,80,1,6,2,4,5,2,0,3
217,40.0,Travel_Rarely,1194.0,Research & Development,2.0,4,Medical,1,2051,3,Female,98,3,1,Research Scientist,3,Married,2001,12549,2,Y,No,14,3,2,80,3,20,2,3,5,3,0,2
218,49.0,Non-Travel,1002.0,Research & Development,18.0,4,Life Sciences,1,275,4,Male,92,3,2,Manufacturing Director,4,Divorced,6804,23793,1,Y,Yes,15,3,1,80,2,7,0,3,7,7,1,7
219,43.0,Travel_Rarely,1473.0,Research & Development,8.0,4,Other,1,526,3,Female,74,3,2,Healthcare Representative,3,Divorced,4522,2227,4,Y,Yes,14,3,4,80,0,8,3,3,5,2,0,2
220,42.0,Travel_Frequently,532.0,Research & Development,29.0,2,Life Sciences,1,547,1,Female,92,3,2,Research Scientist,3,Divorced,4556,12932,2,Y,No,11,3,2,80,1,19,3,3,5,4,0,2
221,51.0,Travel_Rarely,1318.0,Sales,26.0,4,Marketing,1,851,1,Female,66,3,4,Manager,3,Married,16307,5594,2,Y,No,14,3,3,80,1,29,2,2,20,6,4,17
222,41.0,Travel_Rarely,334.0,Sales,2.0,4,Life Sciences,1,410,4,Male,88,3,4,Manager,2,Single,16015,15896,1,Y,No,19,3,2,80,0,22,2,3,22,10,0,4
223,39.0,Travel_Rarely,524.0,Research & Development,18.0,2,Life Sciences,1,1322,1,Male,32,3,2,Manufacturing Director,3,Single,4534,13352,0,Y,No,11,3,1,80,0,9,6,3,8,7,1,7
224,30.0,Travel_Frequently,1012.0,Research & Development,10.0,4,Life Sciences,1,861,2,Male,75,2,1,Research Scientist,4,Divorced,3761,2373,9,Y,No,12,3,2,80,1,10,3,2,5,4,0,3
225,31.0,Non-Travel,976.0,Research & Development,10.0,2,Medical,1,1948,3,Male,48,3,1,Research Scientist,1,Divorced,3065,3995,1,Y,Yes,13,3,4,80,1,4,3,4,4,2,2,3
226,41.0,Travel_Rarely,1102.0,Sales,1.0,2,Life Sciences,1,1,2,Female,94,3,2,Sales Executive,4,Single,5993,19479,8,Y,Yes,11,3,1,80,0,8,0,1,6,4,0,5
227,51.0,Travel_Rarely,432.0,Research & Development,9.0,4,Life Sciences,1,116,4,Male,96,3,1,Laboratory Technician,4,Married,2075,18725,3,Y,No,23,4,2,80,2,10,4,3,4,2,0,3
228,38.0,Travel_Frequently,496.0,Research & Development,11.0,2,Medical,1,390,1,Male,60,3,2,Healthcare Representative,1,Married,4741,22722,1,Y,Yes,13,3,3,80,1,5,3,3,5,3,3,3
229,49.0,Travel_Frequently,279.0,Research & Development,8.0,1,Life Sciences,1,2,3,Male,61,2,2,Research Scientist,2,Married,5130,24907,1,Y,No,23,4,4,80,1,10,3,3,10,7,1,7
230,42.0,Travel_Rarely,1142.0,Research & Development,8.0,3,Life Sciences,1,1860,4,Male,81,3,1,Laboratory Technician,3,Single,3968,13624,4,Y,No,13,3,4,80,0,8,3,3,0,0,0,0
231,38.0,Travel_Rarely,384.0,Sales,8.0,4,Life Sciences,1,805,1,Female,72,3,1,Sales Representative,4,Married,2572,20317,1,Y,No,16,3,2,80,1,3,1,2,3,2,0,2
232,59.0,Travel_Rarely,326.0,Sales,10.0,3,Life Sciences,1,1254,3,Female,48,2,2,Sales Executive,4,Single,5171,16490,5,Y,No,17,3,4,80,0,13,2,3,6,1,0,5
233,31.0,Travel_Rarely,525.0,Sales,6.0,4,Medical,1,653,1,Male,66,4,2,Sales Executive,4,Divorced,5460,6219,4,Y,No,22,4,4,80,2,13,4,4,7,7,5,7
234,27.0,Travel_Rarely,1377.0,Research & Development,11.0,1,Life Sciences,1,1434,2,Male,91,3,1,Laboratory Technician,1,Married,2099,7679,0,Y,No,14,3,2,80,0,6,3,4,5,0,1,4
235,38.0,Travel_Frequently,1009.0,Research & Development,1.0,3,Medical,1,1111,1,Male,45,2,1,Laboratory Technician,2,Divorced,2596,7160,1,Y,No,15,3,1,80,2,1,2,3,1,0,0,0
236,38.0,Travel_Rarely,1180.0,Research & Development,29.0,1,Medical,1,282,2,Male,70,3,2,Healthcare Representative,1,Married,6673,11354,7,Y,Yes,19,3,2,80,0,17,2,3,1,0,0,0
237,24.0,Travel_Rarely,1476.0,Sales,4.0,1,Medical,1,1445,4,Female,42,3,2,Sales Executive,3,Married,4162,15211,1,Y,Yes,12,3,3,80,2,5,3,3,5,4,0,3
238,51.0,Travel_Rarely,801.0,Research & Development,2.0,3,Medical,1,408,4,Male,84,1,2,Manufacturing Director,2,Divorced,5482,16321,5,Y,No,18,3,4,80,1,13,3,3,4,1,1,2
239,32.0,Travel_Rarely,977.0,Research & Development,2.0,3,Medical,1,1671,4,Male,45,3,2,Research Scientist,2,Divorced,5470,25518,0,Y,No,13,3,3,80,2,10,4,2,9,5,1,6
240,34.0,Travel_Rarely,1333.0,Sales,10.0,4,Life Sciences,1,1055,3,Female,87,3,1,Sales Representative,3,Married,2220,18410,1,Y,Yes,19,3,4,80,1,1,2,3,1,1,0,0
241,50.0,Travel_Rarely,1452.0,Research & Development,11.0,3,Life Sciences,1,226,3,Female,53,3,5,Manager,2,Single,19926,17053,3,Y,No,15,3,2,80,0,21,5,3,5,4,4,4
242,23.0,Travel_Rarely,373.0,Research & Development,1.0,2,Life Sciences,1,1270,4,Male,47,3,1,Research Scientist,3,Married,1223,16901,1,Y,No,22,4,4,80,1,1,2,3,1,0,0,1
243,29.0,Travel_Rarely,805.0,Research & Development,1.0,2,Life Sciences,1,816,2,Female,36,2,1,Laboratory Technician,1,Single,2319,6689,1,Y,Yes,11,3,4,80,1,1,1,3,1,0,0,0
244,33.0,Travel_Frequently,970.0,Sales,7.0,3,Life Sciences,1,1114,4,Female,30,3,2,Sales Executive,2,Married,4302,13401,0,Y,No,17,3,3,80,1,4,3,3,3,2,0,2
245,31.0,Travel_Rarely,140.0,Research & Development,12.0,1,Medical,1,246,3,Female,95,3,1,Research Scientist,4,Married,3929,6984,8,Y,Yes,23,4,3,80,1,7,0,3,4,2,0,2
246,29.0,Travel_Rarely,318.0,Research & Development,8.0,4,Other,1,454,2,Male,77,1,1,Laboratory Technician,1,Married,2119,4759,1,Y,Yes,11,3,4,80,0,7,4,2,7,7,0,7
247,33.0,Travel_Rarely,1017.0,Research & Development,25.0,3,Medical,1,1108,1,Male,55,2,1,Research Scientist,2,Single,2313,2993,4,Y,Yes,20,4,2,80,0,5,0,3,2,2,2,2
248,46.0,Travel_Rarely,1402.0,Sales,2.0,3,Marketing,1,1204,3,Female,69,3,4,Manager,1,Married,17048,24097,8,Y,No,23,4,1,80,0,28,2,3,26,15,15,9
249,50.0,Travel_Rarely,316.0,Sales,8.0,4,Marketing,1,738,4,Male,54,3,1,Sales Representative,2,Married,3875,9983,7,Y,No,15,3,4,80,1,4,2,3,2,2,2,2
250,24.0,Non-Travel,673.0,Research & Development,11.0,2,Other,1,26,1,Female,96,4,2,Manufacturing Director,3,Divorced,4011,8232,0,Y,No,18,3,4,80,1,5,5,2,4,2,1,3
251,36.0,Travel_Rarely,852.0,Research & Development,10.0,4,Life Sciences,1,51,2,Female,82,2,1,Research Scientist,1,Married,3419,13072,9,Y,Yes,14,3,4,80,1,6,3,4,1,1,0,0
252,50.0,Non-Travel,881.0,Research & Development,2.0,4,Life Sciences,1,905,1,Male,98,3,4,Manager,1,Divorced,17924,4544,1,Y,No,11,3,4,80,1,31,3,3,31,6,14,7
253,39.0,Travel_Rarely,722.0,Sales,24.0,1,Marketing,1,2056,2,Female,60,2,4,Sales Executive,4,Married,12031,8828,0,Y,No,11,3,1,80,1,21,2,2,20,9,9,6
254,30.0,Travel_Frequently,334.0,Sales,26.0,4,Marketing,1,299,3,Female,52,2,2,Sales Executive,1,Single,6696,22967,5,Y,No,15,3,3,80,0,9,5,2,6,3,0,1
255,41.0,Travel_Rarely,1411.0,Research & Development,19.0,2,Life Sciences,1,334,3,Male,36,3,2,Research Scientist,1,Divorced,3072,19877,2,Y,No,16,3,1,80,2,17,2,2,1,0,0,0
256,48.0,Travel_Rarely,1469.0,Research & Development,20.0,4,Medical,1,945,4,Male,51,3,1,Research Scientist,3,Married,2259,5543,4,Y,No,17,3,1,80,2,13,2,2,0,0,0,0
257,34.0,Travel_Rarely,1107.0,Human Resources,9.0,4,Technical Degree,1,1467,1,Female,52,3,1,Human Resources,3,Married,2742,3072,1,Y,No,15,3,4,80,0,2,0,3,2,2,2,2
